Sample_ID,data,TP53_call,Patient_ID
MPAM01PT01,MutationCall,mut,MPAM01
MPAM01PT02,MutationCall,mut,MPAM01
MPAM01PT03,MutationCall,mut,MPAM01
MPAM01PT04,MutationCall,mut,MPAM01
MPAM01PT05,MutationCall,mut,MPAM01
MPAM01PT06,,,MPAM01
MPAM03PT01,MutationCall,WT,MPAM03
MPAM03PT02,MutationCall,WT,MPAM03
MPAM03PT03,MutationCall,WT,MPAM03
MPAM04PT01,MutationCall,mut,MPAM04
MPAM04PT02,MutationCall,mut,MPAM04
MPAM04PT03,MutationCall,mut,MPAM04
MPAM04PT04,MutationCall,mut,MPAM04
MPAM04PT05,MutationCall,mut,MPAM04
MPAM04PT06,MutationCall,mut,MPAM04
MPAM04PT07,MutationCall,mut,MPAM04
MPAM04PT08,MutationCall,mut,MPAM04
MPAM04PT09,MutationCall,mut,MPAM04
MPAM04PT10,MutationCall,mut,MPAM04
MPAM04PT11,MutationCall,mut,MPAM04
MPAM05PT01,MutationCall,mut,MPAM05
MPAM05PT02,MutationCall,mut,MPAM05
MPAM05PT03,MutationCall,mut,MPAM05
MPAM06PT01,MutationCall,mut,MPAM06
MPAM06PT02,MutationCall,mut,MPAM06
MPAM06PT03,MutationCall,mut,MPAM06
MPAM06PT04,MutationCall,mut,MPAM06
MPAM06PT05,MutationCall,mut,MPAM06
MPAM06PT06,MutationCall,mut,MPAM06
MPAM06PT08,MutationCall,mut,MPAM06
MPAM06PT09,MutationCall,mut,MPAM06
MPAM06PT10,MutationCall,mut,MPAM06
MPAM06PT11,,,MPAM06
PAM02PT01,MutationCall,mut,PAM02
PAM02PT02,MutationCall,mut,PAM02
PAM02PT03,MutationCall,mut,PAM02
PAM02PT05,MutationCall,mut,PAM02
PAM02PT08,MutationCall,mut,PAM02
PAM02PT09,MutationCall,mut,PAM02
PAM02PT10,MutationCall,mut,PAM02
PAM02PT11,MutationCall,mut,PAM02
PAM02PT12,,,PAM02
PAM02PT13,,,PAM02
PAM02PT14,,,PAM02
PAM02PT16,,,PAM02
PAM02PT17,,,PAM02
PAM02PT18,,,PAM02
PAM02PT19,,,PAM02
PAM02PT20,,,PAM02
PAM02PT21,,,PAM02
PAM02PT22,,,PAM02
PAM02PT23,,,PAM02
PAM02PT24,,,PAM02
PAM02PT25,,,PAM02
PAM02PT26,,,PAM02
PAM02PT27,,,PAM02
PAM02PT28,,,PAM02
PAM02PT29,,,PAM02
PAM03PT01,MutationCall,WT,PAM03
PAM03PT02,MutationCall,WT,PAM03
PAM03PT03,MutationCall,WT,PAM03
PAM03PT04,MutationCall,WT,PAM03
PAM03PT05,MutationCall,WT,PAM03
PAM03PT06,MutationCall,WT,PAM03
PAM03PT07,MutationCall,WT,PAM03
PAM03PT08,MutationCall,WT,PAM03
PAM03PT09,MutationCall,WT,PAM03
PAM03PT10,MutationCall,WT,PAM03
PAM03PT11,MutationCall,WT,PAM03
PAM03PT12,,WT,PAM03
PAM03PT13,,WT,PAM03
PAM03PT14,,WT,PAM03
PAM03PT15,,WT,PAM03
PAM03PT16,,WT,PAM03
PAM03PT17,,WT,PAM03
PAM03PT18,,WT,PAM03
PAM03PT19,,WT,PAM03
PAM03PT20,,WT,PAM03
PAM03PT21,,WT,PAM03
PAM03PT22,,WT,PAM03
PAM03PT23,,WT,PAM03
PAM03PT24,,WT,PAM03
PAM03PT25,,WT,PAM03
PAM03PT26,,WT,PAM03
PAM04PT01,MutationCall,WT,PAM04
PAM04PT02,MutationCall,WT,PAM04
PAM04PT03,MutationCall,WT,PAM04
PAM04PT04,MutationCall,WT,PAM04
PAM04PT05,MutationCall,WT,PAM04
PAM04PT06,MutationCall,WT,PAM04
PAM04PT07,MutationCall,WT,PAM04
PAM04PT08,MutationCall,WT,PAM04
PAM16PT01,MutationCall,WT,PAM16
PAM16PT02,MutationCall,WT,PAM16
PAM16PT03,MutationCall,WT,PAM16
PAM16PT04,MutationCall,WT,PAM16
PAM22PT01,MutationCall,mut,PAM22
PAM22PT02,MutationCall,mut,PAM22
PAM22PT04,MutationCall,mut,PAM22
PAM22PT05,MutationCall,mut,PAM22
PAM22PT07,MutationCall,mut,PAM22
PAM22PT08,MutationCall,mut,PAM22
PAM22PT10,,,PAM22
PAM22PT11,,,PAM22
PAM22PT12,,,PAM22
PAM24PT01,MutationCall,mut,PAM24
PAM25PT01,MutationCall,mut,PAM25
PAM27PT01,MutationCall,mut,PAM27
PAM27PT02,MutationCall,mut,PAM27
PAM27PT03,MutationCall,mut,PAM27
PAM28PT01,MutationCall,WT,PAM28
PAM28PT02,MutationCall,WT,PAM28
PAM28PT03,MutationCall,WT,PAM28
PAM28PT04,MutationCall,WT,PAM28
PAM28PT05,MutationCall,WT,PAM28
PAM28PT06,,WT,PAM28
PAM28PT07,,WT,PAM28
PAM29PT01,MutationCall,WT,PAM29
PAM39PT02,MutationCall,mut,PAM39
PAM39PT03,MutationCall,mut,PAM39
PAM39PT04,MutationCall,mut,PAM39
PAM39PT05,MutationCall,mut,PAM39
PAM39PT06,MutationCall,mut,PAM39
PAM39PT07,MutationCall,mut,PAM39
PAM39PT08,MutationCall,mut,PAM39
PAM39PT09,MutationCall,mut,PAM39
PAM46PT02,MutationCall,mut,PAM46
PAM46PT03,MutationCall,mut,PAM46
PAM46PT07,MutationCall,mut,PAM46
PAM46PT10,,,PAM46
PAM46PT11,,,PAM46
PAM47PT01,MutationCall,mut,PAM47
PAM47PT02,MutationCall,mut,PAM47
PAM47PT03,MutationCall,mut,PAM47
PAM47PT04,MutationCall,mut,PAM47
PAM47PT05,MutationCall,mut,PAM47
PAM47PT06,MutationCall,mut,PAM47
PAM47PT07,MutationCall,mut,PAM47
PAM48PT01,MutationCall,mut,PAM48
PAM48PT02,MutationCall,mut,PAM48
PAM49PT01,MutationCall,mut,PAM49
PAM49PT02,MutationCall,mut,PAM49
PAM49PT03,MutationCall,mut,PAM49
PAM49PT04,MutationCall,mut,PAM49
PAM49PT05,MutationCall,mut,PAM49
PAM49PT06,MutationCall,mut,PAM49
PAM50PT01,MutationCall,mut,PAM50
PAM50PT02,MutationCall,mut,PAM50
PAM51PT01,MutationCall,mut,PAM51
PAM52PT01,MutationCall,mut,PAM52
PAM52PT02,MutationCall,mut,PAM52
PAM52PT03,MutationCall,mut,PAM52
PAM53PT01,MutationCall,mut,PAM53
PAM53PT02,MutationCall,mut,PAM53
PAM53PT03,MutationCall,mut,PAM53
PAM53PT04,MutationCall,mut,PAM53
PAM53PT05,MutationCall,mut,PAM53
PAM53PT06,,,PAM53
PAM53PT07,,,PAM53
PAM53PT08,,,PAM53
PAM53PT09,,,PAM53
PAM53PT10,,,PAM53
PAM53PT11,,,PAM53
PAM53PT12,,,PAM53
PAM53PT13,,,PAM53
PAM53PT14,,,PAM53
PAM53PT15,,,PAM53
PAM53PT16,,,PAM53
PAM53PT17,,,PAM53
PAM53PT18,,,PAM53
PAM54PT01,MutationCall,mut,PAM54
PAM54PT02,MutationCall,mut,PAM54
PAM54PT03,MutationCall,mut,PAM54
PAM54PT04,MutationCall,mut,PAM54
PAM54PT05,MutationCall,mut,PAM54
PAM54PT06,MutationCall,mut,PAM54
PAM54PT07,MutationCall,mut,PAM54
PAM54PT08,MutationCall,mut,PAM54
PAM54PT09,MutationCall,mut,PAM54
PAM54PT10,MutationCall,mut,PAM54
PAM54PT11,MutationCall,mut,PAM54
PAM54PT12,MutationCall,mut,PAM54
PAM54PT13,MutationCall,mut,PAM54
PAM54PT14,MutationCall,mut,PAM54
PAM54PT15,MutationCall,mut,PAM54
PAM54PT16,,,PAM54
PAM54PT17,,,PAM54
PAM54PT19,,,PAM54
PAM54PT27,,,PAM54
PAM55PT01,MutationCall,mut,PAM55
PAM55PT02,MutationCall,mut,PAM55
PAM55PT03,MutationCall,mut,PAM55
PAM55PT04,MutationCall,mut,PAM55
PAM55PT05,MutationCall,mut,PAM55
PAM55PT06,MutationCall,mut,PAM55
PAM55PT07,MutationCall,mut,PAM55
PAM55PT08,MutationCall,mut,PAM55
PAM55PT09,MutationCall,mut,PAM55
PAM55PT10,MutationCall,mut,PAM55
PAM55PT11,MutationCall,mut,PAM55
PAM55PT12,MutationCall,mut,PAM55
PAM55PT13,,,PAM55
PAM55PT14,,,PAM55
PAM55PT15,,,PAM55
PAM55PT16,,,PAM55
PAM55PT17,,,PAM55
PAM55PT18,,,PAM55
PAM56PT01,MutationCall,mut,PAM56
PAM56PT02,MutationCall,mut,PAM56
PAM56PT03,MutationCall,mut,PAM56
PAM56PT04,MutationCall,mut,PAM56
PAM56PT05,MutationCall,mut,PAM56
PAM56PT06,MutationCall,mut,PAM56
PAM56PT07,MutationCall,mut,PAM56