Patient_ID,Sample_ID,SYMBOL,Allele.Freq.T,HGVSc,HGVSp,HGVSp_Short,ccf_Mcopies
MPAM01,MPAM01PT03,TP53,0.2705882,c.406C>G,p.Gln136Glu,p.Q136E,1
MPAM01,MPAM01PT04,TP53,0.3611111,c.406C>G,p.Gln136Glu,p.Q136E,1
MPAM01,MPAM01PT05,TP53,0.5666667,c.406C>G,p.Gln136Glu,p.Q136E,1
MPAM01,MPAM01PT01,TP53,0.1089109,c.406C>G,p.Gln136Glu,p.Q136E,0.915
MPAM01,MPAM01PT02,TP53,0.362069,c.406C>G,p.Gln136Glu,p.Q136E,1
MPAM04,MPAM04PT02,TP53,0.6222222,c.734G>A,p.Gly245Asp,p.G245D,1
MPAM04,MPAM04PT03,TP53,0.4210526,c.734G>A,p.Gly245Asp,p.G245D,1
MPAM04,MPAM04PT04,TP53,0.6296296,c.734G>A,p.Gly245Asp,p.G245D,1
MPAM04,MPAM04PT05,TP53,0.6034483,c.734G>A,p.Gly245Asp,p.G245D,1
MPAM04,MPAM04PT06,TP53,0.7868852,c.734G>A,p.Gly245Asp,p.G245D,1
MPAM04,MPAM04PT07,TP53,0.7358491,c.734G>A,p.Gly245Asp,p.G245D,1
MPAM04,MPAM04PT08,TP53,0.4578313,c.734G>A,p.Gly245Asp,p.G245D,0.863
MPAM04,MPAM04PT09,TP53,0.8275862,c.734G>A,p.Gly245Asp,p.G245D,1
MPAM04,MPAM04PT10,TP53,0.8888889,c.734G>A,p.Gly245Asp,p.G245D,1
MPAM04,MPAM04PT11,TP53,0.7846154,c.734G>A,p.Gly245Asp,p.G245D,1
MPAM04,MPAM04PT01,TP53,0.5645161,c.734G>A,p.Gly245Asp,p.G245D,1
MPAM05,MPAM05PT01,TP53,0.6493506,c.78delT,p.Pro27LeufsTer17,p.P27Lfs*17,0.975
MPAM05,MPAM05PT02,TP53,0.5974026,c.78delT,p.Pro27LeufsTer17,p.P27Lfs*17,0.857
MPAM05,MPAM05PT03,TP53,0.4,c.78delT,p.Pro27LeufsTer17,p.P27Lfs*17,0.87
MPAM06,MPAM06PT03,TP53,0.2857143,c.560-1G>A,NA,p.X187_splice,1
MPAM06,MPAM06PT04,TP53,0.5932203,c.560-1G>A,NA,p.X187_splice,0.968
MPAM06,MPAM06PT05,TP53,0.07692308,c.560-1G>A,NA,p.X187_splice,0.357
MPAM06,MPAM06PT07,TP53,0.2191781,c.560-1G>A,NA,p.X187_splice,1
MPAM06,MPAM06PT08,TP53,0.4831461,c.560-1G>A,NA,p.X187_splice,1
MPAM06,MPAM06PT09,TP53,0.3164557,c.560-1G>A,NA,p.X187_splice,1
MPAM06,MPAM06PT01,TP53,0.2173913,c.560-1G>A,NA,p.X187_splice,0.933
MPAM06,MPAM06PT10,TP53,0.5,c.560-1G>A,NA,p.X187_splice,1
MPAM06,MPAM06PT02,TP53,0.2254902,c.560-1G>A,NA,p.X187_splice,0.856
PAM52,PAM52PT01,TP53,0.476744186,c.1024C>T,p.Arg342Ter,R342*,1
PAM52,PAM52PT02,TP53,0.656410256,c.1024C>T,p.Arg342Ter,R342*,0.969
PAM52,PAM52PT03,TP53,0.619318182,c.1024C>T,p.Arg342Ter,R342*,1
PAM53,PAM53PT01,TP53,0.30625,c.103_106delTTGC,p.Leu35ArgfsTer8,L35Rfs*8,1
PAM53,PAM53PT02,TP53,0.710900474,c.103_106delTTGC,p.Leu35ArgfsTer8,L35Rfs*8,1
PAM53,PAM53PT03,TP53,0.281553398,c.103_106delTTGC,p.Leu35ArgfsTer8,L35Rfs*8,0.808
PAM53,PAM53PT04,TP53,0.502392344,c.103_106delTTGC,p.Leu35ArgfsTer8,L35Rfs*8,0.974
PAM53,PAM53PT05,TP53,0.537790698,c.103_106delTTGC,p.Leu35ArgfsTer8,L35Rfs*8,0.907
PAM02,PAM02PT01,TP53,0.275862069,c.1031T>C,p.Leu344Pro,L344P,1
PAM02,PAM02PT10,TP53,0.385714286,c.1031T>C,p.Leu344Pro,L344P,1
PAM02,PAM02PT11,TP53,0.489795918,c.1031T>C,p.Leu344Pro,L344P,0.908
PAM02,PAM02PT02,TP53,0.517241379,c.1031T>C,p.Leu344Pro,L344P,1
PAM02,PAM02PT03,TP53,0.357142857,c.1031T>C,p.Leu344Pro,L344P,1
PAM02,PAM02PT05,TP53,0.555555556,c.1031T>C,p.Leu344Pro,L344P,1
PAM02,PAM02PT08,TP53,0.533333333,c.1031T>C,p.Leu344Pro,L344P,1
PAM02,PAM02PT09,TP53,0.42,c.1031T>C,p.Leu344Pro,L344P,1
PAM56,PAM56PT01,TP53,0.224852071,c.338T>G,p.Phe113Cys,F113C,0.858
PAM56,PAM56PT02,TP53,0.539772727,c.338T>G,p.Phe113Cys,F113C,0.901
PAM56,PAM56PT03,TP53,0.475,c.338T>G,p.Phe113Cys,F113C,0.961
PAM56,PAM56PT04,TP53,0.519313305,c.338T>G,p.Phe113Cys,F113C,0.927
PAM56,PAM56PT05,TP53,0.444816054,c.338T>G,p.Phe113Cys,F113C,0.848
PAM56,PAM56PT06,TP53,0.440677966,c.338T>G,p.Phe113Cys,F113C,0.841
PAM56,PAM56PT07,TP53,0.534482759,c.338T>G,p.Phe113Cys,F113C,0.936
PAM50,PAM50PT01,TP53,0.125,c.375+2delT,NA,X125_splice,1
PAM50,PAM50PT02,TP53,0.191836735,c.375+2delT,NA,X125_splice,0.679
PAM24,PAM24PT01,TP53,0.167279412,c.488A>G,p.Tyr163Cys,Y163C,0.592
PAM54,PAM54PT01,TP53,0.400793651,c.559+1G>A,NA,X187_splice,0.918
PAM54,PAM54PT10,TP53,0.585774059,c.559+1G>A,NA,X187_splice,1
PAM54,PAM54PT11,TP53,0.639405204,c.559+1G>A,NA,X187_splice,1
PAM54,PAM54PT12,TP53,0.633879781,c.559+1G>A,NA,X187_splice,0.926
PAM54,PAM54PT13,TP53,0.53539823,c.559+1G>A,NA,X187_splice,1
PAM54,PAM54PT14,TP53,0.63898917,c.559+1G>A,NA,X187_splice,1
PAM54,PAM54PT15,TP53,0.206642066,c.559+1G>A,NA,X187_splice,0.632
PAM54,PAM54PT02,TP53,0.650154799,c.559+1G>A,NA,X187_splice,0.981
PAM54,PAM54PT03,TP53,0.334459459,c.559+1G>A,NA,X187_splice,0.973
PAM54,PAM54PT04,TP53,0.291497976,c.559+1G>A,NA,X187_splice,0.92
PAM54,PAM54PT05,TP53,0.536144578,c.559+1G>A,NA,X187_splice,0.885
PAM54,PAM54PT06,TP53,0.413793103,c.559+1G>A,NA,X187_splice,0.988
PAM54,PAM54PT07,TP53,0.655021834,c.559+1G>A,NA,X187_splice,1
PAM54,PAM54PT08,TP53,0.363970588,c.559+1G>A,NA,X187_splice,0.901
PAM54,PAM54PT09,TP53,0.517094017,c.559+1G>A,NA,X187_splice,0.96
PAM46,PAM46PT02,TP53,0.598425197,c.659A>G,p.Tyr220Cys,Y220C,0.9
PAM46,PAM46PT03,TP53,0.495495495,c.659A>G,p.Tyr220Cys,Y220C,1
PAM46,PAM46PT07,TP53,0.537634409,c.659A>G,p.Tyr220Cys,Y220C,0.965
PAM47,PAM47PT01,TP53,0.54954955,c.659A>G,p.Tyr220Cys,Y220C,0.972
PAM47,PAM47PT02,TP53,0.303921569,c.659A>G,p.Tyr220Cys,Y220C,0.641
PAM47,PAM47PT03,TP53,0.382716049,c.659A>G,p.Tyr220Cys,Y220C,1
PAM47,PAM47PT04,TP53,0.35483871,c.659A>G,p.Tyr220Cys,Y220C,1
PAM47,PAM47PT05,TP53,0.325301205,c.659A>G,p.Tyr220Cys,Y220C,0.977
PAM47,PAM47PT06,TP53,0.256880734,c.659A>G,p.Tyr220Cys,Y220C,1
PAM47,PAM47PT07,TP53,0.670886076,c.659A>G,p.Tyr220Cys,Y220C,1
PAM27,PAM27PT01,TP53,0.22005571,c.817C>T,p.Arg273Cys,R273C,0.59
PAM27,PAM27PT02,TP53,0.203389831,c.817C>T,p.Arg273Cys,R273C,0.849
PAM27,PAM27PT03,TP53,0.170212766,c.817C>T,p.Arg273Cys,R273C,0.813
PAM39,PAM39PT02,TP53,0.516129032,c.817C>T,p.Arg273Cys,R273C,1
PAM39,PAM39PT03,TP53,0.302222222,c.817C>T,p.Arg273Cys,R273C,0.783
PAM39,PAM39PT04,TP53,0.10212766,c.817C>T,p.Arg273Cys,R273C,0.681
PAM39,PAM39PT05,TP53,0.631944444,c.817C>T,p.Arg273Cys,R273C,1
PAM39,PAM39PT06,TP53,0.638297872,c.817C>T,p.Arg273Cys,R273C,0.962
PAM39,PAM39PT07,TP53,0.581673307,c.817C>T,p.Arg273Cys,R273C,1
PAM39,PAM39PT08,TP53,0.407239819,c.817C>T,p.Arg273Cys,R273C,0.812
PAM39,PAM39PT09,TP53,0.578680203,c.817C>T,p.Arg273Cys,R273C,1
PAM25,PAM25PT01,TP53,0.208,c.818G>A,p.Arg273His,R273H,0.663
PAM51,PAM51PT01,TP53,0.138613861,c.818G>A,p.Arg273His,R273H,1
PAM22,PAM22PT01,TP53,0.338709677,c.86dupA,p.Asn29LysfsTer14,N29Kfs*14,0.68
PAM22,PAM22PT02,TP53,0.459770115,c.86dupA,p.Asn29LysfsTer14,N29Kfs*14,0.683
PAM22,PAM22PT04,TP53,0.317073171,c.86dupA,p.Asn29LysfsTer14,N29Kfs*14,NA
PAM22,PAM22PT05,TP53,0.23655914,c.86dupA,p.Asn29LysfsTer14,N29Kfs*14,0.792
PAM22,PAM22PT07,TP53,0.415584416,c.86dupA,p.Asn29LysfsTer14,N29Kfs*14,0.82
PAM22,PAM22PT08,TP53,0.604938272,c.86dupA,p.Asn29LysfsTer14,N29Kfs*14,0.894
PAM48,PAM48PT01,TP53,0.609947644,c.880delG,p.Glu294SerfsTer51,E294Sfs*51,0.856
PAM48,PAM48PT02,TP53,0.083086053000000007,c.880delG,p.Glu294SerfsTer51,E294Sfs*51,0.401
PAM49,PAM49PT01,TP53,0.329639889,c.902dupC,p.Gly302ArgfsTer4,G302Rfs*4,0.909
PAM49,PAM49PT02,TP53,0.246376812,c.902dupC,p.Gly302ArgfsTer4,G302Rfs*4,1
PAM49,PAM49PT03,TP53,0.464019851,c.902dupC,p.Gly302ArgfsTer4,G302Rfs*4,0.831
PAM49,PAM49PT04,TP53,0.292626728,c.902dupC,p.Gly302ArgfsTer4,G302Rfs*4,0.888
PAM49,PAM49PT05,TP53,0.483950617,c.902dupC,p.Gly302ArgfsTer4,G302Rfs*4,0.935
PAM49,PAM49PT06,TP53,0.230113636,c.902dupC,p.Gly302ArgfsTer4,G302Rfs*4,0.974
PAM55,PAM55PT01,TP53,0.192405063,c.920-2A>G,NA,X307_splice,0.834
PAM55,PAM55PT10,TP53,0.164335664,c.920-2A>G,NA,X307_splice,1
PAM55,PAM55PT11,TP53,0.1,c.920-2A>G,NA,X307_splice,0.727
PAM55,PAM55PT12,TP53,0.092261905,c.920-2A>G,NA,X307_splice,0.615
PAM55,PAM55PT02,TP53,0.289855072,c.920-2A>G,NA,X307_splice,0.739
PAM55,PAM55PT03,TP53,0.268882175,c.920-2A>G,NA,X307_splice,0.911
PAM55,PAM55PT04,TP53,0.312302839,c.920-2A>G,NA,X307_splice,0.991
PAM55,PAM55PT05,TP53,0.295918367,c.920-2A>G,NA,X307_splice,1
PAM55,PAM55PT06,TP53,0.4,c.920-2A>G,NA,X307_splice,0.763
PAM55,PAM55PT07,TP53,0.172413793,c.920-2A>G,NA,X307_splice,0.575
PAM55,PAM55PT08,TP53,0.238255034,c.920-2A>G,NA,X307_splice,1
PAM55,PAM55PT09,TP53,0.212,c.920-2A>G,NA,X307_splice,0.548
