Sample_ID,SYMBOL,Allele.Freq.T,HGVSc,HGVSp,HGVSp_Short,ccf_Mcopies,cf,Insertion.,TP53_call,DNA,RNA,Insertion_z
MPAM01PT03,TP53,0.2705882,c.406C>G,p.Gln136Glu,p.Q136E,1,0.378488486,7,Mut,WGS,RNA,0.125
MPAM01PT04,TP53,0.3611111,c.406C>G,p.Gln136Glu,p.Q136E,1,0.474214781,8,Mut,WGS,RNA,0.111111111
MPAM01PT05,TP53,0.5666667,c.406C>G,p.Gln136Glu,p.Q136E,1,0.472772479,6,Mut,WGS,RNA,0.142857143
MPAM01PT01,TP53,0.1089109,c.406C>G,p.Gln136Glu,p.Q136E,0.915,0.212724528,6,Mut,WGS,RNA,0.142857143
MPAM01PT02,TP53,0.362069,c.406C>G,p.Gln136Glu,p.Q136E,1,0.514308329,7,Mut,WGS,RNA,0.125
MPAM04PT02,TP53,0.6222222,c.734G>A,p.Gly245Asp,p.G245D,1,0.582160358,10,Mut,WGS,RNA,0.090909091
MPAM04PT03,TP53,0.4210526,c.734G>A,p.Gly245Asp,p.G245D,1,0.426333797,8,Mut,WGS,RNA,0.111111111
MPAM04PT04,TP53,0.6296296,c.734G>A,p.Gly245Asp,p.G245D,1,0.707239641,10,Mut,WGS,RNA,0.090909091
MPAM04PT05,TP53,0.6034483,c.734G>A,p.Gly245Asp,p.G245D,1,0.651627631,4,Mut,WGS,RNA,0.2
MPAM04PT06,TP53,0.7868852,c.734G>A,p.Gly245Asp,p.G245D,1,0.753628501,5,Mut,WGS,RNA,0.166666667
MPAM04PT07,TP53,0.7358491,c.734G>A,p.Gly245Asp,p.G245D,1,0.673328847,8,Mut,WGS,RNA,0.111111111
MPAM04PT08,TP53,0.4578313,c.734G>A,p.Gly245Asp,p.G245D,0.863,0.533175668,9,Mut,WGS,RNA,0.1
MPAM04PT09,TP53,0.8275862,c.734G>A,p.Gly245Asp,p.G245D,1,0.624167068,11,Mut,WGS,RNA,0.083333333
MPAM04PT10,TP53,0.8888889,c.734G>A,p.Gly245Asp,p.G245D,1,0.630315224,10,Mut,WGS,RNA,0.090909091
MPAM04PT11,TP53,0.7846154,c.734G>A,p.Gly245Asp,p.G245D,1,0.798792938,8,Mut,WGS,RNA,0.111111111
MPAM04PT01,TP53,0.5645161,c.734G>A,p.Gly245Asp,p.G245D,1,0.586479454,4,Mut,WGS,RNA,0.2
MPAM05PT01,TP53,0.6493506,c.78delT,p.Pro27LeufsTer17,p.P27Lfs*17,0.975,0.551079094,127,Mut,WGS,RNA,0.0078125
MPAM05PT02,TP53,0.5974026,c.78delT,p.Pro27LeufsTer17,p.P27Lfs*17,0.857,0.372797116,96,Mut,WGS,RNA,0.010309278
MPAM05PT03,TP53,0.4,c.78delT,p.Pro27LeufsTer17,p.P27Lfs*17,0.87,0.46223071,91,Mut,WGS,RNA,0.010869565
MPAM06PT03,TP53,0.2857143,c.560-1G>A,NA,p.X187_splice,1,0.387954412,1,Mut,WGS,RNA,0.5
MPAM06PT04,TP53,0.5932203,c.560-1G>A,NA,p.X187_splice,0.968,0.760582498,1,Mut,WGS,RNA,0.5
MPAM06PT05,TP53,0.07692308,c.560-1G>A,NA,p.X187_splice,0.357,0.282101271,1,Mut,WGS,RNA,0.5
MPAM06PT08,TP53,0.4831461,c.560-1G>A,NA,p.X187_splice,1,0.601108691,1,Mut,WGS,RNA,0.5
MPAM06PT09,TP53,0.3164557,c.560-1G>A,NA,p.X187_splice,1,0.391010746,1,Mut,WGS,RNA,0.5
MPAM06PT01,TP53,0.2173913,c.560-1G>A,NA,p.X187_splice,0.933,0.377810207,1,Mut,WGS,RNA,0.5
MPAM06PT02,TP53,0.2254902,c.560-1G>A,NA,p.X187_splice,0.856,0.417442753,2,Mut,WGS,RNA,0.333333333
PAM03PT03,TP53,0,NA,NA,NA,0,NA,4,WT,WGS,RNA,0.2
PAM03PT04,TP53,0,NA,NA,NA,0,NA,1,WT,WGS,RNA,0.5
PAM03PT06,TP53,0,NA,NA,NA,0,NA,2,WT,WGS,RNA,0.333333333
PAM03PT07,TP53,0,NA,NA,NA,0,NA,1,WT,WGS,RNA,0.5
PAM03PT01,TP53,0,NA,NA,NA,0,NA,0,WT,WGS,RNA,1
PAM03PT02,TP53,0,NA,NA,NA,0,NA,0,WT,WGS,RNA,1
PAM03PT05,TP53,0,NA,NA,NA,0,NA,0,WT,WGS,RNA,1
PAM03PT08,TP53,0,NA,NA,NA,0,NA,0,WT,WGS,RNA,1
PAM03PT09,TP53,0,NA,NA,NA,0,NA,0,WT,WGS,RNA,1
PAM03PT10,TP53,0,NA,NA,NA,0,NA,0,WT,WGS,RNA,1
PAM03PT11,TP53,0,NA,NA,NA,0,NA,0,WT,WGS,RNA,1